{
  "Man United": 1584.057912766035,
  "Leicester": 1410.0968608639846,
  "Bournemouth": 1406.1721950007504,
  "Cardiff": 1456.197056219255,
  "Fulham": 1452.7984294570683,
  "Crystal Palace": 1457.7763217329,
  "Huddersfield": 1437.1039018741878,
  "Chelsea": 1463.0881546954108,
  "Newcastle": 1571.0198623853034,
  "Tottenham": 1518.583634049572,
  "Watford": 1370.4269678766077,
  "Brighton": 1520.0069118374838,
  "Wolves": 1434.1283977994908,
  "Everton": 1417.9050711742923,
  "Arsenal": 1612.8159838791423,
  "Man City": 1687.452164060468,
  "Liverpool": 1607.4066765319492,
  "West Ham": 1439.5038965666588,
  "Southampton": 1341.819504256922,
  "Burnley": 1429.3368640383649,
  "Norwich": 1365.4410551297976,
  "Sheffield United": 1417.86757394486,
  "Aston Villa": 1527.2039210957885,
  "Leeds": 1374.6266068838815,
  "West Brom": 1419.1595184319326,
  "Brentford": 1519.625258230982,
  "Nott'm Forest": 1407.2792992169104
}